<?xml version='1.0' encoding='utf-8' ?>
<MasterContents xmlns='http://schemas.microsoft.com/office/visio/2012/main' xmlns:r='http://schemas.openxmlformats.org/officeDocument/2006/relationships' xml:space='preserve'><Shapes><Shape ID='5' NameU='Switch.139' IsCustomNameU='1' Name='Switch.139' IsCustomName='1' Type='Foreign' LineStyle='2' FillStyle='2' TextStyle='2'><Cell N='PinX' V='11.55885820857827'/><Cell N='PinY' V='-38.51817051220079'/><Cell N='Width' V='0.7318896455029957'/><Cell N='Height' V='0.6408243299291182'/><Cell N='LocPinX' V='0.3659448227514979' F='Width*0.5'/><Cell N='LocPinY' V='0.3204121649645591' F='Height*0.5'/><Cell N='Angle' V='0'/><Cell N='FlipX' V='0'/><Cell N='FlipY' V='0'/><Cell N='ResizeMode' V='0'/><Cell N='ImgOffsetX' V='0' F='ImgWidth*0'/><Cell N='ImgOffsetY' V='0' F='ImgHeight*0'/><Cell N='ImgWidth' V='0.7318896455029957' F='Width*1'/><Cell N='ImgHeight' V='0.6408243299291182' F='Height*1'/><Cell N='ClippingPath' V=''/><Cell N='Relationships' V='0' F='SUM(DEPENDSON(4,REF()))' E='#REF!'/><Cell N='ObjType' V='1'/><Cell N='TxtPinX' V='0.3659448227514979' F='Width*0.5'/><Cell N='TxtPinY' V='0' F='Height*0'/><Cell N='TxtWidth' V='0.7318896455029957' F='Width*1'/><Cell N='TxtHeight' V='0' F='Height*0'/><Cell N='TxtLocPinX' V='0.3659448227514979' F='TxtWidth*0.5'/><Cell N='TxtLocPinY' V='0' F='TxtHeight*0.5'/><Cell N='TxtAngle' V='0'/><Cell N='ColorSchemeIndex' V='59'/><Cell N='EffectSchemeIndex' V='59'/><Cell N='ConnectorSchemeIndex' V='59'/><Cell N='FontSchemeIndex' V='59'/><Cell N='ThemeIndex' V='59'/><Cell N='VerticalAlign' V='0'/><Section N='Connection'><Row T='Connection' IX='0'><Cell N='X' V='0.3596455933243532' F='Width*0.49139319777804'/><Cell N='Y' V='0.3258637134708365' F='Height*0.50850708728066'/><Cell N='DirX' V='0'/><Cell N='DirY' V='0'/><Cell N='Type' V='0'/><Cell N='AutoGen' V='0'/><Cell N='Prompt' V='' F='No Formula'/></Row></Section><Section N='Geometry' IX='0'><Cell N='NoFill' V='0'/><Cell N='NoLine' V='0'/><Cell N='NoShow' V='0'/><Cell N='NoSnap' V='0'/><Cell N='NoQuickDrag' V='0'/><Row T='RelMoveTo' IX='1'><Cell N='X' V='0'/><Cell N='Y' V='0'/></Row><Row T='RelLineTo' IX='2'><Cell N='X' V='1'/><Cell N='Y' V='0'/></Row><Row T='RelLineTo' IX='3'><Cell N='X' V='1'/><Cell N='Y' V='1'/></Row><Row T='RelLineTo' IX='4'><Cell N='X' V='0'/><Cell N='Y' V='1'/></Row><Row T='RelLineTo' IX='5'><Cell N='X' V='0'/><Cell N='Y' V='0'/></Row></Section><ForeignData ForeignType='EnhMetaFile' MappingMode='8' ExtentX='153' ExtentY='133'><Rel r:id='rId1'/></ForeignData></Shape></Shapes></MasterContents>