<?xml version='1.0' encoding='utf-8' ?>
<MasterContents xmlns='http://schemas.microsoft.com/office/visio/2012/main' xmlns:r='http://schemas.openxmlformats.org/officeDocument/2006/relationships' xml:space='preserve'><Shapes><Shape ID='5' NameU='WiFi AP' IsCustomNameU='1' Name='WiFi AP' IsCustomName='1' Type='Foreign' LineStyle='2' FillStyle='2' TextStyle='2'><Cell N='PinX' V='11.59291338582677'/><Cell N='PinY' V='-38.43858267716535'/><Cell N='Width' V='0.8'/><Cell N='Height' V='0.8'/><Cell N='LocPinX' V='0.4' F='Width*0.5'/><Cell N='LocPinY' V='0.4' F='Height*0.5'/><Cell N='Angle' V='0'/><Cell N='FlipX' V='0'/><Cell N='FlipY' V='0'/><Cell N='ResizeMode' V='0'/><Cell N='ImgOffsetX' V='0' F='ImgWidth*0'/><Cell N='ImgOffsetY' V='0' F='ImgHeight*0'/><Cell N='ImgWidth' V='0.8' F='Width*1'/><Cell N='ImgHeight' V='0.8' F='Height*1'/><Cell N='ClippingPath' V=''/><Cell N='ColorSchemeIndex' V='59'/><Cell N='EffectSchemeIndex' V='59'/><Cell N='ConnectorSchemeIndex' V='59'/><Cell N='FontSchemeIndex' V='59'/><Cell N='ThemeIndex' V='59'/><Cell N='TxtPinX' V='0.4' F='Width*0.5'/><Cell N='TxtPinY' V='0.1'/><Cell N='TxtWidth' V='10'/><Cell N='TxtHeight' V='0' F='Height*0'/><Cell N='TxtLocPinX' V='5' F='TxtWidth*0.5'/><Cell N='TxtLocPinY' V='0' F='TxtHeight*0.5'/><Cell N='TxtAngle' V='0'/><Cell N='VerticalAlign' V='0'/><Cell N='ObjType' V='1'/><Cell N='Relationships' V='0' F='SUM(DEPENDSON(4))'/><Section N='Character'><Row IX='0'><Cell N='Color' V='#000000' F='THEMEGUARD(RGB(0,0,0))'/><Cell N='Size' V='0.1188888888888889'/></Row></Section><Section N='Connection'><Row T='Connection' IX='0'><Cell N='X' V='0.409752126582784' F='Width*0.51219015822848'/><Cell N='Y' V='0.4236809383328241' F='Height*0.52960117291603'/><Cell N='DirX' V='0'/><Cell N='DirY' V='0'/><Cell N='Type' V='0'/><Cell N='AutoGen' V='0'/><Cell N='Prompt' V='' F='No Formula'/></Row></Section><Section N='Geometry' IX='0'><Cell N='NoFill' V='0'/><Cell N='NoLine' V='0'/><Cell N='NoShow' V='0'/><Cell N='NoSnap' V='0'/><Cell N='NoQuickDrag' V='0'/><Row T='RelMoveTo' IX='1'><Cell N='X' V='0'/><Cell N='Y' V='0'/></Row><Row T='RelLineTo' IX='2'><Cell N='X' V='1'/><Cell N='Y' V='0'/></Row><Row T='RelLineTo' IX='3'><Cell N='X' V='1'/><Cell N='Y' V='1'/></Row><Row T='RelLineTo' IX='4'><Cell N='X' V='0'/><Cell N='Y' V='1'/></Row><Row T='RelLineTo' IX='5'><Cell N='X' V='0'/><Cell N='Y' V='0'/></Row></Section><Text><cp IX='0'/></Text><ForeignData ForeignType='Bitmap' CompressionType='PNG'><Rel r:id='rId1'/></ForeignData></Shape></Shapes></MasterContents>