<?xml version='1.0' encoding='utf-8' ?>
<MasterContents xmlns='http://schemas.microsoft.com/office/visio/2012/main' xmlns:r='http://schemas.openxmlformats.org/officeDocument/2006/relationships' xml:space='preserve'><Shapes><Shape ID='5' NameU='Firewall.142' IsCustomNameU='1' Name='Firewall.142' IsCustomName='1' Type='Foreign' LineStyle='2' FillStyle='2' TextStyle='2'><Cell N='PinX' V='11.65068894361137'/><Cell N='PinY' V='-38.48682962697831'/><Cell N='Width' V='0.9155511155691851'/><Cell N='Height' V='0.7035061003740799'/><Cell N='LocPinX' V='0.4577755577845926' F='Width*0.5'/><Cell N='LocPinY' V='0.35175305018704' F='Height*0.5'/><Cell N='Angle' V='0'/><Cell N='FlipX' V='0'/><Cell N='FlipY' V='0'/><Cell N='ResizeMode' V='0'/><Cell N='ImgOffsetX' V='0' F='ImgWidth*0'/><Cell N='ImgOffsetY' V='0' F='ImgHeight*0'/><Cell N='ImgWidth' V='0.9155511155691851' F='Width*1'/><Cell N='ImgHeight' V='0.7035061003740799' F='Height*1'/><Cell N='ClippingPath' V=''/><Cell N='Relationships' V='0' F='SUM(DEPENDSON(10,REF()),DEPENDSON(4,REF()))' E='#REF!'/><Cell N='ObjType' V='1'/><Cell N='TxtPinX' V='0.4577755577845926' F='Width*0.5'/><Cell N='TxtPinY' V='0' F='Height*0'/><Cell N='TxtWidth' V='0.9155511155691851' F='Width*1'/><Cell N='TxtHeight' V='0' F='Height*0'/><Cell N='TxtLocPinX' V='0.4577755577845926' F='TxtWidth*0.5'/><Cell N='TxtLocPinY' V='0' F='TxtHeight*0.5'/><Cell N='TxtAngle' V='0'/><Cell N='ColorSchemeIndex' V='59'/><Cell N='EffectSchemeIndex' V='59'/><Cell N='ConnectorSchemeIndex' V='59'/><Cell N='FontSchemeIndex' V='59'/><Cell N='ThemeIndex' V='59'/><Cell N='VerticalAlign' V='0'/><Section N='Connection'><Row T='Connection' IX='0'><Cell N='X' V='0.5433070633905406' F='Width*0.59342078683698'/><Cell N='Y' V='0.3006568069084078' F='Height*0.42736915393987'/><Cell N='DirX' V='0'/><Cell N='DirY' V='0'/><Cell N='Type' V='0'/><Cell N='AutoGen' V='0'/><Cell N='Prompt' V='' F='No Formula'/></Row></Section><Section N='Geometry' IX='0'><Cell N='NoFill' V='0'/><Cell N='NoLine' V='0'/><Cell N='NoShow' V='0'/><Cell N='NoSnap' V='0'/><Cell N='NoQuickDrag' V='0'/><Row T='RelMoveTo' IX='1'><Cell N='X' V='0'/><Cell N='Y' V='0'/></Row><Row T='RelLineTo' IX='2'><Cell N='X' V='1'/><Cell N='Y' V='0'/></Row><Row T='RelLineTo' IX='3'><Cell N='X' V='1'/><Cell N='Y' V='1'/></Row><Row T='RelLineTo' IX='4'><Cell N='X' V='0'/><Cell N='Y' V='1'/></Row><Row T='RelLineTo' IX='5'><Cell N='X' V='0'/><Cell N='Y' V='0'/></Row></Section><ForeignData ForeignType='EnhMetaFile' MappingMode='8' ExtentX='176' ExtentY='136'><Rel r:id='rId1'/></ForeignData></Shape></Shapes></MasterContents>